Overlap Count,Percentage (%)
0,0.0
1,0.0
2,0.0
3,0.1675236743525908
4,67.3165964773494
5,28.858279624933107
6,3.657600223364899
