Overlap Count,Percentage (%)
0,0.0
1,5.353777426184881
2,57.949231019800365
3,25.18439237767282
4,11.512599176341935
