Overlap Count,Percentage (%)
0,0.0
1,48.751715954303265
2,51.248284045696735
