Overlap Count,Percentage (%)
0,0.0
1,0.0
2,0.0
3,0.0
4,33.823496893173825
5,39.58826260973399
6,26.588240497092187
