Overlap Count,Percentage (%)
0,0.0
1,42.30811755080379
2,57.69188244919621
