Overlap Count,Percentage (%)
0,0.0
1,27.80222453176481
2,72.19777546823519
